{
  "tsx_params": [
    {
      "amount": ".01",
      "walletSecret": {
        "ciphertext": {
          "words": [
            -925553372,
            602810591,
            1594211493,
            -2135555259
          ],
          "sigBytes": 16
        },
        "key": {
          "words": [
            189546547,
            1194161153,
            -942729203,
            712352860,
            -787783005,
            1008100358,
            1445775357,
            -846127021,
            -54166725,
            -1029682659,
            1135559169,
            354065998
          ],
          "sigBytes": 32
        },
        "iv": {
          "words": [
            -54166725,
            -1029682659,
            1135559169,
            354065998
          ],
          "sigBytes": 16
        },
        "salt": {
          "words": [
            -899604883,
            1221105243
          ],
          "sigBytes": 8
        },
        "blockSize": 4
      },
      "stop": true,
      "id": 1
    }
  ],
  "tsx_log": [
    {
      "firstSwap": {
        "amm1": "Raydium",
        "inputAmount1": 0.01,
        "inputTokenSymbol1": "SOL",
        "outputAmount1": 6.549197819,
        "outputTokenSymbol1": "sRLY"
      },
      "secondSwap": {
        "amm2": "Orca",
        "inputAmount2": 6.549197819,
        "inputTokenSymbol2": "sRLY",
        "outputAmount2": 0.010017201,
        "outputTokenSymbol2": "SOL"
      },
      "totalIn": 0.010005,
      "totalOut": 0.010017201,
      "spread": 0.000012200999999999879,
      "id": 1
    }
  ],
  "transactions_log": [
    {
      "priorBalance": "",
      "afterBalance": "",
      "difference": "",
      "txId": ""
    }
  ],
  "graph_data": [
    {
      "txId": "",
      "totalBalance": ""
    }
  ],
  "transactions_meta": [
    {
      "total_swaps": 2,
      "pos_swaps": 0,
      "err_swaps": 2,
      "neg_swaps": 0,
      "init_bal": 0.035052831,
      "end_bal": 0.035052831,
      "tot_prof": 0
    }
  ],
  "S2S": [
    {
      "total_swaps": 2,
      "pos_swaps": 0,
      "err_swaps": 2,
      "neg_swaps": 0,
      "init_bal": 0.035052831,
      "end_bal": 0.035052831,
      "tot_prof": 0
    }
  ]
}