{
  "tsx_params": [
    {
      "amount": ".05",
      "walletSecret": {
        "ciphertext": {
          "words": [
            1337611387,
            423878702,
            -639690069,
            -1898461171,
            1347563072,
            1881759492,
            1252722334,
            -685193846,
            -189289201,
            1618332913,
            -491039337,
            1068977604,
            -1740977200,
            124609548,
            910678046,
            723505417,
            119140382,
            -1999541738,
            2053766936,
            1829272068,
            784186191,
            1673817852,
            -1006444115,
            915146024
          ],
          "sigBytes": 96
        },
        "key": {
          "words": [
            1761326474,
            5389417,
            1748836102,
            1934756641,
            -890072136,
            667647229,
            708230331,
            -992858388,
            -1239935609,
            708347078,
            1240899466,
            1355618973
          ],
          "sigBytes": 32
        },
        "iv": {
          "words": [
            -1239935609,
            708347078,
            1240899466,
            1355618973
          ],
          "sigBytes": 16
        },
        "salt": {
          "words": [
            -1494700900,
            1691711551
          ],
          "sigBytes": 8
        },
        "blockSize": 4
      },
      "stop": true,
      "id": 1
    }
  ],
  "tsx_log": [
    {
      "firstSwap": {
        "amm1": "Orca",
        "inputAmount1": 0.05,
        "inputTokenSymbol1": "SOL",
        "outputAmount1": 20.08356168,
        "outputTokenSymbol1": "1SOL"
      },
      "secondSwap": {
        "amm2": "Raydium",
        "inputAmount2": 20.08356168,
        "inputTokenSymbol2": "1SOL",
        "outputAmount2": 0.049680255,
        "outputTokenSymbol2": "SOL"
      },
      "totalIn": 0.050005,
      "totalOut": 0.049680255,
      "spread": -0.0003247450000000013,
      "recent_transaction": {
        "priorBalance": -1,
        "afterBalance": -1,
        "difference": -1,
        "txId": -1
      },
      "id": 1
    }
  ],
  "graph_data": [
    {
      "txId": null,
      "totalBalance": 1.070567269,
      "id": 1
    }
  ],
  "transactions_meta": [
    {
      "total_swaps": 2,
      "pos_swaps": 0,
      "err_swaps": 2,
      "neg_swaps": 0,
      "init_bal": 0.035052831,
      "end_bal": 0.035052831,
      "tot_prof": 0
    }
  ],
  "S2S": [
    {
      "total_swaps": 2,
      "pos_swaps": 0,
      "err_swaps": 2,
      "neg_swaps": 0,
      "init_bal": 0.035052831,
      "end_bal": 0.035052831,
      "tot_prof": 0
    }
  ]
}