{
  "tsx_params": [
    {
      "amount": ".01",
      "walletSecret": {
        "ciphertext": {
          "words": [
            -561608509,
            -1731115472,
            507990789,
            266318599,
            -592306061,
            -1718370965,
            95356096,
            -1478654375,
            -1716168781,
            752179469,
            1113233366,
            -807269673,
            130141779,
            1354821925,
            1478096793,
            2129901089,
            -855473365,
            -1429123458,
            -678972744,
            1972779715,
            397774699,
            1892202207,
            -1025876805,
            1014525805
          ],
          "sigBytes": 96
        },
        "key": {
          "words": [
            -1913291866,
            -1691868318,
            1112952272,
            -586960922,
            304154555,
            2024665557,
            -308815673,
            -1376300989,
            2024375675,
            -906039208,
            1280526874,
            803848728
          ],
          "sigBytes": 32
        },
        "iv": {
          "words": [
            2024375675,
            -906039208,
            1280526874,
            803848728
          ],
          "sigBytes": 16
        },
        "salt": {
          "words": [
            1259422909,
            -1015841153
          ],
          "sigBytes": 8
        },
        "blockSize": 4
      },
      "stop": true,
      "id": 1
    }
  ],
  "tsx_log": [
    {
      "firstSwap": {
        "amm1": "Orca",
        "inputAmount1": 0.01,
        "inputTokenSymbol1": "SOL",
        "outputAmount1": 9.037242712,
        "outputTokenSymbol1": "STEP"
      },
      "secondSwap": {
        "amm2": "Raydium",
        "inputAmount2": 9.037242712,
        "inputTokenSymbol2": "STEP",
        "outputAmount2": 0.009980202,
        "outputTokenSymbol2": "SOL"
      },
      "totalIn": 0.010005,
      "totalOut": 0.009980202,
      "spread": -0.000024797999999999487,
      "recent_transaction": {
        "priorBalance": -1,
        "afterBalance": -1,
        "difference": -1,
        "txId": -1
      },
      "id": 1
    }
  ],
  "graph_data": [
    {
      "txId": null,
      "totalBalance": 1.070567269,
      "id": 1
    }
  ],
  "transactions_meta": [
    {
      "total_swaps": 2,
      "pos_swaps": 0,
      "err_swaps": 2,
      "neg_swaps": 0,
      "init_bal": 0.035052831,
      "end_bal": 0.035052831,
      "tot_prof": 0
    }
  ],
  "S2S": [
    {
      "total_swaps": 2,
      "pos_swaps": 0,
      "err_swaps": 2,
      "neg_swaps": 0,
      "init_bal": 0.035052831,
      "end_bal": 0.035052831,
      "tot_prof": 0
    }
  ]
}