{
  "tsx_params": [
    {
      "iterations": "5",
      "amount": ".01",
      "walletSecret": {
        "ciphertext": {
          "words": [
            -551508567,
            -869284888,
            -1232634184,
            -346628323
          ],
          "sigBytes": 16
        },
        "key": {
          "words": [
            1961586324,
            -1384928047,
            -717578624,
            568942106,
            219915197,
            -197412392,
            1471095514,
            209135398,
            1741414970,
            506938952,
            1200737247,
            -818056473
          ],
          "sigBytes": 32
        },
        "iv": {
          "words": [
            1741414970,
            506938952,
            1200737247,
            -818056473
          ],
          "sigBytes": 16
        },
        "salt": {
          "words": [
            935689752,
            -1649020473
          ],
          "sigBytes": 8
        },
        "blockSize": 4
      },
      "stop": false,
      "id": 1
    }
  ],
  "tsx_log": [
    {
      "firstSwap": {
        "amm1": "Raydium",
        "inputAmount1": 0.01,
        "inputTokenSymbol1": "SOL",
        "outputAmount1": 6.549197819,
        "outputTokenSymbol1": "sRLY"
      },
      "secondSwap": {
        "amm2": "Orca",
        "inputAmount2": 6.549197819,
        "inputTokenSymbol2": "sRLY",
        "outputAmount2": 0.010017201,
        "outputTokenSymbol2": "SOL"
      },
      "totalIn": 0.010005,
      "totalOut": 0.010017201,
      "spread": 0.000012200999999999879,
      "id": 1
    }
  ],
  "transactions_log": [
    {
      "priorBalance": "",
      "afterBalance": "",
      "difference": "",
      "txId": ""
    }
  ],
  "graph_data": [
    {
      "txId": "",
      "totalBalance": ""
    }
  ],
  "transactions_meta": [
    {
      "total_swaps": 2,
      "pos_swaps": 0,
      "err_swaps": 2,
      "neg_swaps": 0,
      "init_bal": 0.035052831,
      "end_bal": 0.035052831,
      "tot_prof": 0
    }
  ],
  "S2S": [
    {
      "total_swaps": 2,
      "pos_swaps": 0,
      "err_swaps": 2,
      "neg_swaps": 0,
      "init_bal": 0.035052831,
      "end_bal": 0.035052831,
      "tot_prof": 0
    }
  ]
}