{
  "tsx_params": [
    {
      "amount": ".05",
      "walletSecret": {
        "ciphertext": {
          "words": [
            697234023,
            822772936,
            929384705,
            1706263907,
            1050596338,
            -452294272,
            683051284,
            1385694169,
            -1004962994,
            -440911510,
            1441824735,
            -57919991,
            1246851649,
            -1242464417,
            1727981183,
            1577433559,
            -1678050600,
            -1790879986,
            -2086556182,
            -698182600,
            917742139,
            -489402554,
            1154212952,
            -1781654093
          ],
          "sigBytes": 96
        },
        "key": {
          "words": [
            -222767901,
            -1864841970,
            -1593407843,
            793147423,
            -539523037,
            -417546367,
            267626047,
            -792082962,
            288360244,
            -1453155372,
            -337779,
            -455201573
          ],
          "sigBytes": 32
        },
        "iv": {
          "words": [
            288360244,
            -1453155372,
            -337779,
            -455201573
          ],
          "sigBytes": 16
        },
        "salt": {
          "words": [
            1505440900,
            1877905941
          ],
          "sigBytes": 8
        },
        "blockSize": 4
      },
      "stop": true,
      "id": 1
    }
  ],
  "tsx_log": [
    {
      "recent_transaction": {
        "priorBalance": 2.103134899,
        "afterBalance": 2.103129899,
        "difference": -0.000005
      },
      "id": 1,
      "firstSwap": {
        "amm1": "Orca",
        "inputAmount1": 0.05,
        "inputTokenSymbol1": "SOL",
        "outputAmount1": 45.009613768,
        "outputTokenSymbol1": "STEP"
      },
      "secondSwap": {
        "amm2": "Orca",
        "inputAmount2": 45.009613768,
        "inputTokenSymbol2": "STEP",
        "outputAmount2": 0.049641558,
        "outputTokenSymbol2": "SOL"
      },
      "totalIn": 0.050005,
      "totalOut": 0.049641558,
      "spread": -0.00036344199999999854
    }
  ],
  "graph_data": [
    {
      "txId": "",
      "totalBalance": ""
    },
    {
      "txId": null,
      "totalBalance": 1.070567269,
      "id": 1
    },
    {
      "id": 2,
      "txId": "5pPhrScKwiUKAAnxRJfrEjvzRDriF5NYxjkV36KsJzSagwvD9JfvaDAMQPZ895EPFRmEKZuuBEA3dZ89SjWZFHGR",
      "totalBalance": 2103149899
    },
    {
      "totalBalance": 2103149899,
      "id": 3
    },
    {
      "totalBalance": 2103129899,
      "id": 4
    }
  ],
  "transactions_meta": [
    {
      "total_swaps": 2,
      "pos_swaps": 0,
      "err_swaps": 2,
      "neg_swaps": 0,
      "init_bal": 0.035052831,
      "end_bal": 0.035052831,
      "tot_prof": 0
    }
  ],
  "S2S": [
    {
      "total_swaps": 2,
      "pos_swaps": 0,
      "err_swaps": 2,
      "neg_swaps": 0,
      "init_bal": 0.035052831,
      "end_bal": 0.035052831,
      "tot_prof": 0
    }
  ]
}