{
  "tsx_params": [
    {
      "amount": ".01",
      "walletSecret": {
        "ciphertext": {
          "words": [
            -1551252530,
            -573695380,
            499997431,
            955097689,
            1376684520,
            -477622109,
            -951298185,
            -777153009,
            -676082702,
            -1920381058,
            -210915458,
            1149968610,
            1335850145,
            -1402167880,
            1822862678,
            1258627809,
            1930781895,
            -576246171,
            -397574801,
            459006050,
            135118291,
            -364453013,
            -369329800,
            -1533271845
          ],
          "sigBytes": 96
        },
        "key": {
          "words": [
            -145038908,
            -756581591,
            -1881060908,
            -982815270,
            -1863131615,
            -1900635975,
            -1612219127,
            566299301,
            -1650596175,
            788894027,
            -965732241,
            181715746
          ],
          "sigBytes": 32
        },
        "iv": {
          "words": [
            -1650596175,
            788894027,
            -965732241,
            181715746
          ],
          "sigBytes": 16
        },
        "salt": {
          "words": [
            1203440042,
            1604135645
          ],
          "sigBytes": 8
        },
        "blockSize": 4
      },
      "stop": false,
      "id": 1
    }
  ],
  "tsx_log": [
    {
      "firstSwap": {
        "amm1": "Raydium",
        "inputAmount1": 0.01,
        "inputTokenSymbol1": "SOL",
        "outputAmount1": 0.989695,
        "outputTokenSymbol1": "USDT"
      },
      "secondSwap": {
        "amm2": "Orca",
        "inputAmount2": 0.989695,
        "inputTokenSymbol2": "USDT",
        "outputAmount2": 0.009943055,
        "outputTokenSymbol2": "SOL"
      },
      "totalIn": 0.010005,
      "totalOut": 0.009943055,
      "spread": -0.00006194500000000075,
      "recent_transaction": {
        "priorBalance": -1,
        "afterBalance": -1,
        "difference": -1,
        "txId": -1
      },
      "id": 1
    }
  ],
  "graph_data": [
    {
      "txId": null,
      "totalBalance": 1.070567269,
      "id": 1
    }
  ],
  "transactions_meta": [
    {
      "total_swaps": 2,
      "pos_swaps": 0,
      "err_swaps": 2,
      "neg_swaps": 0,
      "init_bal": 0.035052831,
      "end_bal": 0.035052831,
      "tot_prof": 0
    }
  ],
  "S2S": [
    {
      "total_swaps": 2,
      "pos_swaps": 0,
      "err_swaps": 2,
      "neg_swaps": 0,
      "init_bal": 0.035052831,
      "end_bal": 0.035052831,
      "tot_prof": 0
    }
  ]
}