{
  "tsx_params": [
    {
      "amount": ".01",
      "stop": true,
      "walletSecret": {
        "ciphertext": {
          "words": [
            -1524380049,
            706877199,
            36420819,
            614240672
          ],
          "sigBytes": 16
        },
        "key": {
          "words": [
            -1983425550,
            1112047071,
            -871639564,
            1191223669,
            -1389204429,
            1650226227,
            -421452822,
            105172761,
            -244072787,
            -1658272148,
            -698508795,
            -888619739
          ],
          "sigBytes": 32
        },
        "iv": {
          "words": [
            -244072787,
            -1658272148,
            -698508795,
            -888619739
          ],
          "sigBytes": 16
        },
        "salt": {
          "words": [
            -1607812132,
            1809901801
          ],
          "sigBytes": 8
        },
        "blockSize": 4
      },
      "id": 1
    }
  ],
  "tsx_log": [
    {
      "recent_transaction": {
        "priorBalance": -1,
        "afterBalance": -1,
        "difference": -1,
        "txId": -1
      },
      "id": 1,
      "firstSwap": {
        "amm1": "Aldrin",
        "inputAmount1": 0.05,
        "inputTokenSymbol1": "SOL",
        "outputAmount1": 41.354698791,
        "outputTokenSymbol1": "$ALL"
      },
      "secondSwap": {
        "amm2": "Raydium",
        "inputAmount2": 41.354698791,
        "inputTokenSymbol2": "$ALL",
        "outputAmount2": 0.049854874,
        "outputTokenSymbol2": "SOL"
      },
      "totalIn": 0.050005,
      "totalOut": 0.049854874,
      "spread": -0.00015012600000000043
    }
  ],
  "graph_data": [
    {
      "txId": null,
      "totalBalance": 1.070567269,
      "id": 1
    },
    {
      "txId": null,
      "totalBalance": -1.08,
      "id": 2
    }
  ],
  "transactions_meta": [
    {
      "total_swaps": 2,
      "pos_swaps": 0,
      "err_swaps": 2,
      "neg_swaps": 0,
      "init_bal": 0.035052831,
      "end_bal": 0.035052831,
      "tot_prof": 0
    }
  ],
  "S2S": [
    {
      "total_swaps": 2,
      "pos_swaps": 0,
      "err_swaps": 2,
      "neg_swaps": 0,
      "init_bal": 0.035052831,
      "end_bal": 0.035052831,
      "tot_prof": 0
    }
  ]
}